color,rs683,rs26722,rs885479,rs1015362,rs1393350,rs1408799,rs1540771,rs1667394,rs1800407,rs1805005,rs1805008,rs3829241,rs4778138,rs4778232,rs4778241,rs4911414,rs7183877,rs7495174,rs8024968,rs12203592,rs12821256,rs12896399,rs12913832,rs16891982
blue,AA,CC,GG,CT,AG,CC,CT,TT,CC,GT,CC,AA,AA,CC,CC,TT,CC,AA,CC,CC,TT,TT,GG,CG
blue,AA,CC,GG,CC,GG,CT,CT,TT,CC,GT,CC,AG,AA,TT,CC,GT,CC,AA,CT,CC,CT,TT,GG,GG
blue,AA,CC,GG,CT,AG,CC,CC,TT,CC,GG,CC,AG,AA,CC,CC,GT,CC,AA,CC,CC,TT,TT,GG,GG
blue,AA,CC,GG,CT,GG,CT,CC,TT,CC,GG,CC,AG,AA,CC,CC,GT,CC,AA,CC,CC,TT,GG,GG,GG
blue,CC,CC,GG,CC,GG,TT,CT,TT,CC,TT,CC,AG,AA,CC,CC,GT,CC,AA,CC,CC,TT,GT,GG,GG
blue,AC,CC,AG,CT,GG,CT,CT,TT,CC,GG,CC,GG,AA,CC,CC,GT,CC,AA,CC,CC,TT,GT,GG,GG
blue,AA,CC,GG,CT,GG,CT,TT,TT,CC,GG,CC,AG,AA,CC,CC,GT,CC,AA,CC,CT,TT,GG,GG,CG
blue,AC,CC,GG,CC,GG,CT,CC,TT,CC,GG,CT,AG,AA,CC,CC,GG,CC,AA,CC,CC,TT,GG,GG,GG
blue,AA,CC,GG,CC,GG,CC,CT,TT,CT,GG,CT,GG,AA,CC,CC,GG,CC,AA,CC,CC,TT,GT,GG,GG
blue,AC,CC,GG,CC,AG,TT,CC,TT,CC,GG,CC,AG,AA,CC,CC,GT,CC,AA,CC,CC,CT,GT,GG,GG
blue,CC,CC,GG,CC,AG,CT,CT,TT,CC,GG,CC,GG,AA,CC,CC,GT,CC,AA,CC,CC,CT,GG,GG,GG
blue,AA,CC,AG,TT,GG,CC,TT,TT,CC,GG,CC,AG,AA,CC,CC,TT,CC,AA,CC,CC,CT,GT,GG,GG
blue,AA,CC,GG,CC,GG,CC,TT,TT,CC,GG,CC,AG,AA,CC,CC,GG,CC,AA,CC,CC,TT,GG,GG,GG
blue,CC,CC,GG,CT,AG,TT,TT,TT,CC,GG,CC,AA,AA,CC,CC,GT,CC,AA,CC,CT,TT,GT,GG,GG
blue,AA,CT,GG,TT,GG,CT,CT,TT,CC,GG,CC,AG,AA,CC,CC,TT,CC,AA,CC,CC,CT,GT,GG,CG
blue,AA,CC,AG,CC,GG,CC,CT,TT,CC,GG,CC,AG,AA,CC,CC,GG,CC,AA,CC,CC,TT,GG,GG,GG
blue,AA,CC,GG,CT,GG,CC,CT,TT,CC,GG,CT,GG,AA,CC,CC,GT,CC,AA,CC,CC,CT,GT,GG,GG
blue,AA,CC,GG,CT,GG,CC,CC,TT,CC,GG,CC,GG,AA,CC,CC,GT,CC,AA,CC,CT,TT,GT,GG,GG
blue,CT,CC,GG,CT,AG,CT,CT,TT,CC,GG,CT,AA,AA,CT,CC,GT,CC,AA,CT,CC,CT,TT,GG,GG
blue,CC,CC,GG,CT,GG,CT,CT,TT,CC,GG,CC,AA,AA,CT,CC,GT,CC,AA,CC,CC,TT,GT,GG,GG
blue,CC,CC,GG,CC,AG,CT,CT,TT,CC,GG,CC,AA,AA,CT,CC,GG,CC,AA,CC,CT,TT,GT,GG,GG
blue,CC,CC,GG,CT,AG,TT,CC,TT,CC,GG,CC,AG,AA,CT,CC,GT,CC,AA,CC,CC,TT,TT,GG,GG
blue,AC,CC,GG,CC,AA,CC,CT,TT,CC,GG,CT,GG,AA,CT,CC,GG,CC,AA,CC,CC,TT,GG,GG,GG
blue,AA,CC,GG,CT,AG,CT,CT,TT,CC,GG,CC,AG,AA,CT,CC,GG,CC,AA,CC,CT,TT,GG,GG,GG
blue,CC,CC,GG,CT,GG,TT,CC,TT,CC,GG,CC,GG,AA,CC,CC,GT,CC,AA,CC,CC,TT,GT,GG,GG
blue,AC,CC,GG,CT,AG,CC,CT,TT,CC,GG,CT,AG,AG,CT,AC,GT,CC,AA,CT,CC,TT,GT,GG,GG
blue,AC,CC,GG,CT,AG,CC,TT,TT,CC,GG,CC,GG,AA,CC,CC,GT,CC,AA,CC,AG,TT,GG,GG,GG
blue,CC,CC,GG,CT,AG,CC,CT,TT,CC,GG,CC,AG,AA,CC,CC,GG,CC,AA,CT,CC,TT,GT,GG,GG
blue,AA,CC,GG,CT,GG,CC,CC,TT,CC,GT,CC,GG,AA,CC,CC,GT,CC,AA,CC,CC,TT,GT,GG,GG
brown,AC,TT,AG,CC,AG,CT,CT,CT,CC,GG,CC,GG,AG,CT,AC,GG,AC,AG,CC,CC,CT,GG,AG,CC
brown,CC,CT,GG,CC,AG,CT,TT,TT,CC,GG,CC,GG,GG,TT,AA,GG,CC,AG,CC,CT,TT,GG,AG,CG
brown,AC,CC,GG,CC,GG,CC,CC,TT,CC,GG,CT,GG,AA,CT,CC,GG,CC,AA,CC,CC,TT,GT,AG,GG
brown,CC,CC,AG,CC,AG,CT,CC,CT,CC,GT,CC,AG,AG,CT,CC,GG,CC,AA,CC,CC,TT,GG,AG,CG
brown,AC,CC,GG,CC,GG,CT,TT,CT,CC,GG,CC,GG,AA,CC,AC,GG,AC,AA,CC,CC,CT,GG,AG,GG
brown,AA,CC,GG,CT,AG,CC,CT,CT,CC,GG,CC,AG,AG,CC,CC,GT,AC,AA,CC,CC,TT,GT,AG,GG
brown,AA,CC,AG,CC,GG,CC,CT,CT,CC,GT,CC,AG,AG,CC,AC,GG,CC,AG,CC,CC,TT,GG,AG,GG
brown,CC,CC,GG,CC,GG,CT,CC,CC,CT,GG,CC,AG,AA,CC,AA,GG,AA,AA,CC,CC,TT,GG,AA,CG
brown,AC,CT,GG,CC,GG,CT,CT,CT,CC,GG,CC,GG,AA,CC,AC,GG,AC,AA,CC,CC,TT,GG,AA,CG
brown,CC,CC,GG,CT,GG,CT,TT,CT,CC,GG,CT,AG,AA,CT,AC,GT,AC,AA,CT,CC,TT,GG,AA,CG
brown,CC,CC,GG,CC,GG,TT,CT,CT,CC,GG,CC,GG,AG,CC,AC,GG,AC,AA,CC,CC,TT,GT,AA,CC
brown,CC,CC,GG,CC,GG,TT,CC,CC,CC,GG,CC,GG,GG,TT,AC,GG,CC,AG,CT,CC,TT,GG,AA,GG
brown,CC,CC,GG,CC,GG,CT,CT,CC,CC,GG,CC,GG,AA,CT,AA,GG,AA,AA,CT,CC,TT,TT,AA,CC
brown,AC,CT,GG,CC,AG,CT,CC,CT,CC,GG,CC,GG,AG,CT,CC,GG,CC,AA,CT,CC,TT,GT,AA,CC
brown,AC,CC,GG,CC,GG,CT,CT,CT,CC,GG,CT,GG,AG,CT,AC,GG,CC,AG,CT,CT,CT,GT,AG,CG
brown,CC,CC,GG,CC,GG,TT,CT,TT,CC,GG,CC,GG,AA,CC,CC,GG,CC,AA,CC,CC,TT,GT,AA,CG
brown,AC,CC,GG,TT,AG,CT,CT,CT,CC,GG,CC,GG,AG,CC,AC,TT,CC,AG,CC,CC,CT,GT,AG,GG
brown,AA,CC,GG,CC,AG,CC,CT,CT,CC,GG,CC,AG,AG,CT,AC,GG,AC,AA,CT,CC,CT,TT,AG,GG
brown,AC,CC,GG,CC,GG,CT,CT,CT,CC,GT,CC,GG,AG,CT,CC,GG,CC,AA,CC,CC,TT,GG,AG,GG
brown,CC,CC,AG,CC,GG,TT,CT,CT,CC,GG,CC,GG,AA,CC,AC,GG,AC,AA,CC,CC,TT,GT,AG,CC
brown,AC,CC,GG,CC,AA,CT,CT,CT,CC,GG,CC,GG,AA,CC,AC,GG,AC,AA,CC,CC,TT,GT,AG,GG
brown,AC,CC,GG,CC,GG,CT,CC,TT,CC,GG,CC,GG,AG,CT,AC,GG,CC,AG,CT,CC,TT,GG,AA,GG
brown,CC,CT,AG,CC,GG,TT,TT,CT,CC,GG,CC,GG,CC,TT,CC,GG,CC,AA,TT,CC,TT,TT,AG,CG
brown,CC,CT,GG,CC,GG,TT,CC,TT,CC,GG,CC,GG,AA,CT,CC,GG,CC,AA,CC,CC,TT,GG,AG,CC
brown,CC,CC,AG,CT,GG,TT,TT,CT,CC,GG,CC,GG,AA,CC,AC,GT,AC,AA,CC,CC,TT,GT,AG,CC
brown,CC,TT,GG,CC,GG,TT,TT,CC,CC,GG,CC,GG,AA,CC,AA,GG,AA,AA,CC,CC,TT,GT,AA,CC
green,AA,CC,GG,CC,GG,CC,CT,TT,CC,GG,CT,AG,AA,CC,CC,GG,CC,AA,CC,CC,TT,GG,GG,GG
green,AA,CC,GG,CT,GG,CT,CT,TT,CC,GG,CC,GG,AA,CC,CC,GT,CC,AA,CC,CC,TT,GG,GG,GG
green,AC,CC,GG,TT,GG,CT,CT,TT,CC,GT,CC,GG,AA,CC,CC,TT,CC,AA,CC,CC,TT,GG,GG,GG
green,AC,CC,GG,CT,AG,TT,CC,TT,CC,GG,CC,GG,AA,CC,CC,GT,CC,AA,CC,CC,TT,GT,GG,GG
green,AC,CC,GG,CC,GG,CT,CT,TT,CC,GT,CC,GG,AA,CT,CC,GT,CC,AA,CC,CC,TT,TT,GG,CG
green,AA,CC,GG,TT,AG,CC,CC,CT,CT,GT,CC,GG,AA,CC,AC,TT,AC,AA,CC,CC,TT,TT,AG,GG
green,AC,CC,GG,CC,AG,TT,TC,TT,TC,GG,CC,AA,AA,CC,CC,GG,CC,AA,CC,CC,TT,GG,GG,GG
green,AA,CC,GG,CC,GG,CT,CT,TT,CC,GG,CC,AG,AA,CC,CC,GG,CC,AA,CC,CT,TT,GG,GG,GG
hazel,AC,CC,GG,CT,GG,CT,CT,TT,CC,GG,CC,AG,AA,CC,CC,GT,CC,AA,CC,CC,TT,GT,GG,GG
hazel,AC,CC,GG,CC,AG,CT,CC,TT,CC,GT,CT,AG,AA,CT,CC,GG,CC,AA,CC,CC,TT,GT,AG,GG
hazel,AC,CC,GG,CT,AG,CT,CT,CT,CC,GT,CC,GG,AA,CC,AC,GT,AC,AA,CC,CC,CT,GT,AG,GG
hazel,CC,CC,GG,CT,AG,CT,CT,TT,CC,GG,CC,AA,AA,CC,CC,GT,CC,AA,CC,CT,TT,GT,GG,GG
hazel,CC,CC,GG,CC,AG,TT,CT,CT,CT,GT,CC,AG,AG,CT,AC,GG,CC,AA,CT,CC,TT,TT,AG,CG
hazel,AC,CC,GG,CT,AG,CT,CT,CT,CT,GG,CC,AA,AA,CC,AC,GT,AC,AA,CC,CC,TT,GG,AG,CG
hazel,CC,CC,GG,CC,GG,TT,CC,TT,CC,GG,CC,AG,AA,CC,CC,GG,CC,AA,CC,CC,TT,GG,AG,CG
hazel,AA,CC,AG,TT,AG,CC,CC,CT,CC,GT,CC,AG,AG,CT,CC,TT,CC,AA,CT,GG,TT,TT,AG,GG
hazel,AA,CC,GG,CT,AG,CC,CT,CT,CT,GG,CC,AA,AA,CC,AC,GT,AC,AA,CC,CC,TT,GG,AG,GG